{"cameraMode":{"drawMode":0,"name":"Shaded","section":"Shading Mode"},"sceneLighting":false,"audioPlay":false,"sceneViewState":{"showFog":true,"showMaterialUpdate":false,"showSkybox":false,"showFlares":true,"showImageEffects":true,"showParticleSystems":true},"in2DMode":false,"pivot":{"x":0.01171875,"y":0.88037109375,"z":0.1036376953125},"rotation":{"x":0.06102479621767998,"y":-0.20367266237735749,"z":0.012845605611801148,"w":0.9771223068237305},"size":1.0014187097549439,"orthographic":true}