{"cameraMode":{"drawMode":0,"name":"Shaded","section":"Shading Mode"},"sceneLighting":true,"audioPlay":false,"sceneViewState":{"showFog":true,"showMaterialUpdate":false,"showSkybox":true,"showFlares":true,"showImageEffects":true,"showParticleSystems":true},"in2DMode":false,"pivot":{"x":-2.23590087890625,"y":0.7130584716796875,"z":0.0791015625},"rotation":{"x":0.14230941236019135,"y":-0.21637389063835145,"z":0.03211929649114609,"w":0.9654454588890076},"size":10.30965805053711,"orthographic":true}